[
  {
    "value": "core",
    "synonyms": [
      "core",
      "abs",
      "abdominal",
      "stomach",
      "midsection",
      "trunk",
      "belly",
      "six pack",
      "abs workout",
      "core strength",
      "core stability",
      "abdominal muscles",
      "rectus abdominis",
      "obliques",
      "transverse abdominis",
      "midline",
      "center",
      "middle",
      "core training",
      "stomach muscles",
      "waist",
      "gut",
      "tummy",
      "midriff",
      "core work",
      "abs work"
    ]
  },
  {
    "value": "upper body",
    "synonyms": [
      "upper body",
      "arms",
      "chest,",
      "back",
      "shoulders",
      "biceps",
      "triceps",
      "upper body workout",
      "torso",
      "upper torso",
      "top half",
      "upper half",
      "arms and chest",
      "push muscles",
      "pull muscles",
      "upper body strength",
      "upper body training",
      "upper body exercises",
      "upper body work",
      "upper body routine",
      "upper body program",
      "upper body day",
      "upper body focus",
      "upper body movements"
    ]
  },
  {
    "value": "lower body",
    "synonyms": [
      "lower body",
      "legs",
      "glutes",
      "quads",
      "hamstrings",
      "calves",
      "thighs",
      "butt",
      "lower body workout",
      "lower half",
      "bottom half",
      "legs and glutes",
      "leg day",
      "lower body strength",
      "lower body training",
      "lower body exercises",
      "lower body work",
      "lower body routine",
      "lower body program",
      "lower body day",
      "lower body focus",
      "lower body movements",
      "leg workout",
      "leg training"
    ]
  },
  {
    "value": "full body",
    "synonyms": [
      "full body",
      "total body",
      "whole body",
      "entire body",
      "all over",
      "comprehensive",
      "full body workout",
      "total body training,",
      "whole body exercise",
      "full body routine",
      "total body workout",
      "full body program",
      "full body session",
      "total body program",
      "whole body workout",
      "complete workout",
      "comprehensive workout",
      "full body movements,",
      "total body movements",
      "whole body movements",
      "full body strength",
      "total body strength"
    ]
  }
]