[
  {
    "value": "vegan",
    "synonyms": [
      "vegan",
      "plant-based",
      "strict vega",
      "no animal products",
      "vegan diet",
      "pure plant",
      "plant only",
      "no dairy",
      "no meat",
      "no eggs",
      "vegan lifestyle",
      "whole food vegan",
      "ethical vegan",
      "dietary vegan",
      "veganism",
      "plant forward",
      "100% plant",
      "animal free",
      "meat free",
      "dairy free",
      "egg free",
      "cruelty free"
    ]
  },
  {
    "value": "vegetarian",
    "synonyms": [
      "vegetarian",
      "no meat",
      "meatless",
      "plant-based with dairy",
      "lacto-ovo vegetarian",
      "veggie",
      "vegetarian diet",
      "no fish",
      "no poultry",
      "no beef",
      "no chicken",
      "no pork",
      "vegetarian lifestyle",
      "meat free",
      "flesh free",
      "herbivore",
      "vegetarianism",
      "green diet",
      "plant heavy",
      "dairy okay",
      "eggs okay"
    ]
  },
  {
    "value": "gluten-free",
    "synonyms": [
      "gluten-free",
      "celiac",
      "no gluten",
      "gluten intolerant",
      "gluten sensitive"
    ]
  },
  {
    "value": "dairy-free",
    "synonyms": [
      "dairy-free",
      "lactose free",
      "no dairy",
      "lactose intolerant",
      "milk free"
    ]
  },
  {
    "value": "keto",
    "synonyms": [
      "keto",
      "ketogenic",
      "low carb high fat",
      "keto diet",
      "ketosis",
      "very low carb",
      "no sugar"
    ]
  }
]