[
  {
    "value": "cardio",
    "synonyms": [
      "cardiovascular",
      "aerobic",
      "running",
      "jogging",
      "cycling",
      "swimming",
      "walking",
      "brisk walk",
      "treadmill",
      "elliptical",
      "stairmaster",
      "rowing",
      "dance",
      "zumba",
      "hiit cardio",
      "circuit training,",
      "heart pumping",
      "endurance exercise",
      "breathing exercise",
      "aerobic activity"
    ]
  },
  {
    "value": "strength",
    "synonyms": [
      "strength",
      "weight lifting",
      "resistance training",
      "lifting",
      "weights",
      "strength training",
      "powerlifting",
      "bodybuilding",
      "muscle building",
      "hypertrophy",
      "dumbbells",
      "barbells",
      "kettlebells",
      "resistance bands",
      "strength workout",
      "weight training",
      "strength exercise",
      "building strength",
      "getting stronger",
      "strength session",
      "lift session"
    ]
  },
  {
    "value": "flexibility",
    "synonyms": [
      "flexibility",
      "stretching",
      "yoga",
      "pilates",
      "mobility",
      "flexibility training",
      "stretching routine",
      "yoga flow",
      "vinyasa",
      "hatha yoga",
      "restorative yoga",
      "flexibility work",
      "limbering up",
      "mobility work",
      "joint mobility",
      "stretching exercise",
      "flexibility session",
      "yoga practice"
    ]
  },
  {
    "value": "mixed",
    "synonyms": [
      "mixed",
      "combination",
      "hybrid",
      "both cardio and strength",
      "varied",
      "cross training",
      "functional fitness",
      "full body",
      "mixed modality",
      "diverse workout",
      "varied routine",
      "multifunctional",
      "comprehensive exercise",
      "all around fitness",
      "balanced workout"
    ]
  }
]