[
  {
    "value": "weight loss",
    "synonyms": [
      "weight loss",
      "slim down",
      "shed pounds",
      "drop weight",
      "weight reduction",
      "fat loss",
      "get thinner",
      "lose fat"
    ]
  },
  {
    "value": "muscle gain",
    "synonyms": [
      "muscle gain",
      "build muscle",
      "gain mass",
      "muscle building",
      "hypertrophy",
      "get bigger",
      "strength training",
      "gain weight"
    ]
  },
  {
    "value": "maintenance",
    "synonyms": [
      "maintenance",
      "maintain weight",
      "stay the same",
      "keep current weight",
      "weight maintenance",
      "maintain fitness",
      "stay healthy",
      "maintain shape",
      "hold steady"
    ]
  },
  {
    "value": "endurance",
    "synonyms": [
      "endurance",
      "improve stamina",
      "cardio fitness",
      "run longer",
      "aerobic capacity",
      "increase endurance"
    ]
  }
]