[
  {
    "value": "protein",
    "synonyms": [
      "protein",
      "proteins,",
      "meat",
      "chicken",
      "fish",
      "eggs",
      "tofu",
      "legumes",
      "beans",
      "lentils",
      "dairy",
      "greek yogurt",
      "cottage cheese",
      "protein powder",
      "nuts"
    ]
  },
  {
    "value": "vegetables",
    "synonyms": [
      "vegetables",
      "veggies",
      "greens",
      "salad",
      "leafy greens",
      "cruciferous",
      "root vegetables",
      "colorful vegetables",
      "non starchy vegetables",
      "vegetable side",
      "vegetable dish",
      "veggie"
    ]
  },
  {
    "value": "carbohydrates",
    "synonyms": [
      "carbohydrates",
      "carbs",
      "starches",
      "grains",
      "rice",
      "pasta",
      "bread",
      "quinoa",
      "oats",
      "carbohydrate sources",
      "carb heavy",
      "grain based",
      "starch",
      "cereal",
      "carb foods",
      "energy"
    ]
  },
  {
    "value": "healthy fats",
    "synonyms": [
      "healthy fats",
      "fats, oils",
      "avocado",
      "nuts",
      "seeds",
      "olive oil",
      "coconut oil",
      "fatty fish",
      "omega 3",
      "unsaturated fats",
      "good fats",
      "beneficial fats"
    ]
  }
]