[
  {
    "value": "low",
    "synonyms": [
      "low",
      "4-6 cups",
      "1 liter",
      "minimal",
      "small amount",
      "little water",
      "not much",
      "32 ounces",
      "few glasses",
      "under 6 cups",
      "light hydration",
      "low intake",
      "minimal fluids",
      "small volume",
      "limited water",
      "just enough",
      "basic hydration",
      "modest amount",
      "small quantity",
      "low volume",
      "minimal amount",
      "4 cups",
      "5 cups",
      "6 cups",
      "under a liter",
      "small hydration"
    ]
  },
  {
    "value": "moderate",
    "synonyms": [
      "moderate",
      "6-8 cups",
      "1.5 liters",
      "moderate amount",
      "average water",
      "normal intake",
      "standard amount",
      "48 ounces",
      "several glasses",
      "7 cups",
      "8 cups",
      "regular hydration",
      "adequate fluids",
      "moderate volume",
      "typical water",
      "standard hydration",
      "reasonable amount",
      "moderate quantity",
      "adequate intake",
      "sufficient wate",
      "good hydration",
      "normal amount",
      "6-8 glasses",
      "moderate fluids"
    ]
  },
  {
    "value": "high:",
    "synonyms": [
      "high:",
      "8-10 cups",
      "2 liters",
      "lots of water",
      "high intake",
      "plenty of fluids",
      "64 ounces",
      "many glasses",
      "over 8 cups",
      "heavy hydration",
      "high volume",
      "large amount",
      "abundant water",
      "maximum hydration",
      "optimal intake",
      "high quantity",
      "large volume",
      "plenty of water",
      "substantial fluids",
      "extensive hydration",
      "aggressive hydration",
      "9 cups",
      "10 cups",
      "2+ liters",
      "high water",
      "intake"
    ]
  }
]