[
  {
    "value": "beginner",
    "synonyms": [
      "beginner",
      "starting out",
      "new",
      "novice",
      "rookie",
      "just starting",
      "beginner level",
      "easy",
      "light",
      "not intense",
      "low intensity",
      "starter",
      "first timer",
      "basic",
      "fundamental",
      "introductory",
      "beginner friendly",
      "simple",
      "not hard",
      "gentle",
      "mild",
      "for beginners",
      "entry level",
      "green",
      "fresh",
      "unexperienced",
      "learning"
    ]
  },
  {
    "value": "intermediate",
    "synonyms": [
      "intermediate",
      "some experience",
      "moderate",
      "middle level",
      "not beginner not advanced",
      "decent shape",
      "intermediate level",
      "medium intensity",
      "moderate difficulty",
      "somewhat challenging",
      "mid level",
      "average fitness",
      "in between",
      "progressing",
      "developing",
      "improving",
      "intermediate stage",
      "moderate fitness",
      "halfway",
      "seasoned",
      "capable",
      "competent",
      "moderate level",
      "middle ground"
    ]
  },
  {
    "value": "advanced",
    "synonyms": [
      "advanced",
      "experienced",
      "expert",
      "high level",
      "intense",
      "hard",
      "challenging",
      "difficult",
      "very fit",
      "athletic",
      "advanced level",
      "high intensity",
      "expert level",
      "seasoned athlete",
      "professional",
      "competitive, elite",
      "hardcore",
      "strenuous",
      "vigorous",
      "demanding",
      "tough",
      "extreme",
      "high performance",
      "expert fitness",
      "peak condition",
      "master level",
      "top tier",
      "high difficulty"
    ]
  }
]