[
  {
    "value": "breakfast",
    "synonyms": [
      "breakfast",
      "morning meal",
      "brekkie",
      "break fast",
      "morning food",
      "first meal",
      "am meal"
    ]
  },
  {
    "value": "lunch",
    "synonyms": [
      "lunch",
      "midday meal",
      "noon meal",
      "afternoon meal",
      "luncheon",
      "lunch break",
      "lunch time",
      "mid day eating"
    ]
  },
  {
    "value": "dinner",
    "synonyms": [
      "dinner",
      "evening meal",
      "supper",
      "nighttime meal",
      "dinner time",
      "evening food",
      "night meal",
      "dinner menu"
    ]
  },
  {
    "value": "snack",
    "synonyms": [
      "snack",
      "light bite",
      "nibble",
      "treat",
      "quick bite",
      "small meal",
      "between meals",
      "grazing",
      "snack time",
      "snack food"
    ]
  }
]