[
  {
    "value": "one day",
    "synonyms": [
      "one day",
      "single day",
      "today",
      "just today",
      "only one day",
      "daily plan",
      "day plan",
      "24 hours",
      "just for today",
      "one time",
      "single meal plan",
      "today\u0027s plan",
      "day only",
      "1 day",
      "single",
      "one off",
      "daily",
      "for the day",
      "per day",
      "day by day",
      "today only",
      "just now",
      "immediate",
      "right now"
    ]
  },
  {
    "value": "one week",
    "synonyms": [
      "one week",
      "7 days",
      "week",
      "weekly",
      "this week",
      "next week",
      "seven days",
      "week long",
      "week plan",
      "per week",
      "weekly plan",
      "seven day plan",
      "one week plan",
      "1 week",
      "7 day",
      "full week"
    ]
  },
  {
    "value": "two weeks",
    "synonyms": [
      "two weeks",
      "14 days",
      "biweekly",
      "two week",
      "fortnight",
      "2 weeks",
      "fourteen days",
      "two week plan",
      "bi weekly",
      "half month",
      "two week duration",
      "14 day plan",
      "two weeks long",
      "two week period",
      "biweekly plan",
      "two week menu",
      "14 day period",
      "two week schedule"
    ]
  },
  {
    "value": "one month",
    "synonyms": [
      "one month",
      "30 days",
      "monthly",
      "four weeks",
      "month",
      "1 month",
      "this month",
      "next month",
      "month long",
      "monthly plan",
      "30 day plan",
      "monthly meal plan",
      "one month plan",
      "month duration",
      "month based",
      "monthly menu",
      "month schedule"
    ]
  }
]