[
  {
    "value": "feeling down",
    "synonyms": [
      "feeling down",
      "sad",
      "depressed",
      "unmotivated",
      "discouraged",
      "tired",
      "exhausted",
      "burned",
      "out",
      "frustrated",
      "overwhelmed",
      "stressed",
      "anxious",
      "low energy"
    ]
  },
  {
    "value": "plateau",
    "synonyms": [
      "plateau",
      "stuck",
      "not progressing",
      "no change",
      "same weight",
      "hit a wall",
      "no improvement",
      "stagnant",
      "not losing",
      "not gaining",
      "plateaued",
      "stalled",
      "not seeing results",
      "progress stopped",
      "stuck in place"
    ]
  },
  {
    "value": "achievement",
    "synonyms": [
      "achievement",
      "success",
      "reached goal",
      "milestone",
      "accomplishment",
      "did it",
      "made progress",
      "lost weight",
      "gained muscle",
      "feeling good",
      "proud",
      "happy",
      "excited"
    ]
  }
]