[
  {
    "value": "weight",
    "synonyms": [
      "weight",
      "scale",
      "pounds",
      "kilos",
      "body weight",
      "scale weight",
      "pounds lost",
      "kilograms",
      "weight change",
      "weight number",
      "scale number",
      "mass",
      "body mass",
      "total weight",
      "current weight",
      "starting weight",
      "goal weight",
      "target weight",
      "weight goal",
      "weight tracking",
      "weigh in",
      "daily weight",
      "weekly weight",
      "weight measurement",
      "weight data",
      "weight log"
    ]
  },
  {
    "value": "measurements",
    "synonyms": [
      "measurements",
      "inches",
      "cm",
      "centimeters",
      "body measurements",
      "waist",
      "hips",
      "chest",
      "arms",
      "thighs",
      "measurements tracking",
      "tape measure",
      "body stats",
      "measurement numbers",
      "circumferences",
      "size",
      "body size",
      "clothing size",
      "fit of clothes",
      "how clothes fit",
      "inches lost",
      "cm lost,",
      "measurement progress",
      "measurement changes",
      "measurement log",
      "measurement data",
      "body dimensions"
    ]
  },
  {
    "value": "energy",
    "synonyms": [
      "energy",
      "energy level",
      "vitality",
      "tiredness",
      "fatigue",
      "alertness",
      "wakefulness",
      "liveliness",
      "vigor",
      "pep",
      "zip",
      "get up and go",
      "stamina",
      "endurance",
      "how i feel",
      "feeling",
      "mood",
      "motivation level",
      "energy throughout day",
      "daily energy",
      "morning energy",
      "afternoon energy",
      "evening energy",
      "energy crash",
      "sustained energy",
      "energy boost",
      "energy stable"
    ]
  },
  {
    "value": "mood",
    "synonyms": [
      "mood",
      "happiness",
      "mental state",
      "emotional state",
      "feeling good",
      "mood tracking",
      "mental health",
      "emotional health",
      "mindset",
      "outlook",
      "attitude",
      "disposition",
      "spirits",
      "frame of mind",
      "emotional wellbeing",
      "psychological state",
      "mental wellbeing, mood swings",
      "mood stable",
      "feeling better",
      "mental clarity",
      "emotional stability",
      "mood boost",
      "mood elevation",
      "positive mood"
    ]
  }
]