[
  {
    "value": "water",
    "synonyms": [
      "water",
      "hydration",
      "drink water",
      "h2o",
      "hydrate",
      "thirsty",
      "water intake",
      "fluid intake",
      "drinking water",
      "water reminder",
      "stay hydrated",
      "water break",
      "water consumption",
      "hydration reminder",
      "drink more water",
      "water goal"
    ]
  },
  {
    "value": "exercise",
    "synonyms": [
      "exercise",
      "workout",
      "gym",
      "training",
      "move",
      "physical activity",
      "exercise time",
      "workout reminder",
      "gym time",
      "training session",
      "exercise alert",
      "move your body",
      "activity reminder",
      "exercise notification",
      "workout notification",
      "time to exercise",
      "get moving",
      "exercise break",
      "workout break",
      "training reminder"
    ]
  },
  {
    "value": "meal",
    "synonyms": [
      "meal",
      "eat",
      "food",
      "nutrition",
      "meal time",
      "breakfast time",
      "lunch time",
      "dinner time",
      "snack time",
      "eating reminder",
      "meal alert",
      "food time",
      "nutrition reminder",
      "eat now",
      "meal notification",
      "food reminder",
      "time to eat",
      "refuel",
      "fuel up",
      "nourishment"
    ]
  },
  {
    "value": "sleep",
    "synonyms": [
      "sleep",
      "rest",
      "bedtime",
      "sleep schedule",
      "wind down",
      "sleep reminder",
      "bed time",
      "sleep alert",
      "sleep notification",
      "rest time",
      "relax",
      "unwind",
      "sleep hygiene",
      "sleep routine",
      "get to bed",
      "sleep time",
      "sleeping reminder"
    ]
  }
]