[
  {
    "value": "very quick",
    "synonyms": [
      "very quick",
      "under 15 minutes",
      "5 minutes",
      "10 minutes",
      "fast",
      "speedy",
      "instant",
      "minimal prep",
      "under 10 mins",
      "super fast",
      "quick and easy",
      "time saving"
    ]
  },
  {
    "value": "quick",
    "synonyms": [
      "quick",
      "15-30 minutes",
      "half hour",
      "30 mins",
      "fast cooking",
      "simple",
      "easy",
      "uncomplicated",
      "straightforward",
      "not long"
    ]
  },
  {
    "value": "moderate",
    "synonyms": [
      "moderate",
      "30-45 minutes",
      "medium time",
      "40 minutes",
      "45 mins",
      "moderate prep",
      "average cooking"
    ]
  },
  {
    "value": "long",
    "synonyms": [
      "long",
      "over 45 minutes",
      "1 hour",
      "60 minutes",
      "slow cooking",
      "elaborate",
      "complex",
      "time intensive"
    ]
  }
]