[
  {
    "id": "78c8e5e9-22d9-40ce-b897-745b77ae0fb4",
    "data": [
      {
        "text": "update budget [budget_range]",
        "userDefined": false
      }
    ],
    "isTemplate": false,
    "count": 0,
    "lang": "en",
    "updated": 0
  },
  {
    "id": "712fcbfa-ac77-4941-ac59-de39084c29c5",
    "data": [
      {
        "text": "new budget [budget_range]",
        "userDefined": false
      }
    ],
    "isTemplate": false,
    "count": 0,
    "lang": "en",
    "updated": 0
  },
  {
    "id": "1be596c6-33f5-4253-a179-b2a88cc76b95",
    "data": [
      {
        "text": "i want to change budget to [budget_range]",
        "userDefined": false
      }
    ],
    "isTemplate": false,
    "count": 0,
    "lang": "en",
    "updated": 0
  }
]