[
  {
    "id": "8506390c-dacd-4d5f-8f0f-0f580f3b6ab8",
    "data": [
      {
        "text": "recommend workout",
        "userDefined": false
      }
    ],
    "isTemplate": false,
    "count": 0,
    "lang": "en",
    "updated": 0
  },
  {
    "id": "643f2457-ee25-49e7-b0f6-44704269cc97",
    "data": [
      {
        "text": "what exercise should i do",
        "userDefined": false
      }
    ],
    "isTemplate": false,
    "count": 0,
    "lang": "en",
    "updated": 0
  },
  {
    "id": "ae861b34-9e15-4968-b060-d8793e337c0e",
    "data": [
      {
        "text": "workout suggestions",
        "userDefined": false
      }
    ],
    "isTemplate": false,
    "count": 0,
    "lang": "en",
    "updated": 0
  },
  {
    "id": "71deea78-2938-4fc7-8172-2b13f8b78fb0",
    "data": [
      {
        "text": "exercise ideas",
        "userDefined": false
      }
    ],
    "isTemplate": false,
    "count": 0,
    "lang": "en",
    "updated": 0
  }
]