[
  {
    "id": "07dd9376-5f0b-47a4-86c7-bc83a384b283",
    "data": [
      {
        "text": "exercise plan",
        "userDefined": false
      }
    ],
    "isTemplate": false,
    "count": 0,
    "lang": "en",
    "updated": 0
  },
  {
    "id": "753cbe14-b4b3-44d4-959e-65fdf3185b0c",
    "data": [
      {
        "text": "stuck",
        "meta": "@motivation_triggers",
        "alias": "motivation_triggers",
        "userDefined": false
      },
      {
        "text": " on my goal, not seeing progress, ",
        "userDefined": false
      },
      {
        "text": "plateau",
        "meta": "@motivation_triggers",
        "alias": "motivation_triggers",
        "userDefined": false
      },
      {
        "text": " help",
        "userDefined": false
      }
    ],
    "isTemplate": false,
    "count": 0,
    "lang": "en",
    "updated": 0
  },
  {
    "id": "bedb1ed8-f240-4c97-84f8-8e2f5b97069d",
    "data": [
      {
        "text": "i\u0027m [motivation_triggers:",
        "userDefined": false
      },
      {
        "text": "plateau",
        "meta": "@motivation_triggers",
        "alias": "motivation_triggers",
        "userDefined": false
      },
      {
        "text": "]",
        "userDefined": false
      }
    ],
    "isTemplate": false,
    "count": 0,
    "lang": "en",
    "updated": 0
  }
]