[
  {
    "id": "8ceb7331-28e5-4207-b1dd-dc582fee8ca0",
    "data": [
      {
        "text": "100kg",
        "meta": "@sys.number",
        "alias": "number",
        "userDefined": false
      }
    ],
    "isTemplate": false,
    "count": 1,
    "lang": "en",
    "updated": 0
  },
  {
    "id": "77e76237-da95-4eb6-9407-5554728189eb",
    "data": [
      {
        "text": "90kg",
        "meta": "@sys.number",
        "alias": "number",
        "userDefined": false
      }
    ],
    "isTemplate": false,
    "count": 0,
    "lang": "en",
    "updated": 0
  },
  {
    "id": "85701344-b990-4e85-ab33-3f95483f430f",
    "data": [
      {
        "text": "50kg",
        "meta": "@sys.number",
        "alias": "number",
        "userDefined": false
      }
    ],
    "isTemplate": false,
    "count": 0,
    "lang": "en",
    "updated": 0
  },
  {
    "id": "a9d5f98c-8d55-4de7-aaee-c0dfb7841798",
    "data": [
      {
        "text": "40kg",
        "meta": "@sys.number",
        "alias": "number",
        "userDefined": false
      }
    ],
    "isTemplate": false,
    "count": 0,
    "lang": "en",
    "updated": 0
  },
  {
    "id": "a307f025-e6d6-4ea6-9884-b0195b8a209c",
    "data": [
      {
        "text": "\u0027",
        "userDefined": false
      }
    ],
    "isTemplate": false,
    "count": 0,
    "lang": "en",
    "updated": 0
  },
  {
    "id": "5b87e312-9f32-4786-863b-fa994f72e1e5",
    "data": [
      {
        "text": "60kg",
        "meta": "@sys.number",
        "alias": "number",
        "userDefined": false
      }
    ],
    "isTemplate": false,
    "count": 0,
    "lang": "en",
    "updated": 0
  },
  {
    "id": "4af8a9fa-3900-468e-82c4-38d056281d6c",
    "data": [
      {
        "text": "80kg",
        "meta": "@sys.number",
        "alias": "number",
        "userDefined": false
      }
    ],
    "isTemplate": false,
    "count": 0,
    "lang": "en",
    "updated": 0
  },
  {
    "id": "1f98ae78-5ec7-415c-90c6-482a6e04b552",
    "data": [
      {
        "text": "70kg",
        "meta": "@sys.number",
        "alias": "number",
        "userDefined": false
      }
    ],
    "isTemplate": false,
    "count": 0,
    "lang": "en",
    "updated": 0
  },
  {
    "id": "39019bb8-791b-497c-8b92-4db4dae8abe3",
    "data": [
      {
        "text": "20kg",
        "meta": "@sys.number",
        "alias": "number",
        "userDefined": false
      }
    ],
    "isTemplate": false,
    "count": 0,
    "lang": "en",
    "updated": 0
  },
  {
    "id": "916e9be3-d6c5-4907-ac8c-a9cce97112e6",
    "data": [
      {
        "text": "10kg",
        "meta": "@sys.number",
        "alias": "number",
        "userDefined": false
      }
    ],
    "isTemplate": false,
    "count": 0,
    "lang": "en",
    "updated": 0
  },
  {
    "id": "01e6a78c-d752-4887-a97d-e5adbbe32009",
    "data": [
      {
        "text": "[sys.number] kg today",
        "userDefined": false
      }
    ],
    "isTemplate": false,
    "count": 0,
    "lang": "en",
    "updated": 0
  },
  {
    "id": "2c2eeb9a-fd21-4331-82a4-1722d97851ba",
    "data": [
      {
        "text": "my weight is [sys.number]",
        "userDefined": false
      }
    ],
    "isTemplate": false,
    "count": 0,
    "lang": "en",
    "updated": 0
  },
  {
    "id": "3c3cf39d-b3fb-4195-a03c-646bbd731c62",
    "data": [
      {
        "text": "i weigh [sys.number] pounds",
        "userDefined": false
      }
    ],
    "isTemplate": false,
    "count": 0,
    "lang": "en",
    "updated": 0
  }
]