[
  {
    "id": "69956b12-e596-4985-a686-d98cbc60a30d",
    "data": [
      {
        "text": "food_categories] substitute",
        "userDefined": false
      }
    ],
    "isTemplate": false,
    "count": 0,
    "lang": "en",
    "updated": 0
  },
  {
    "id": "25d621f1-f366-493b-93d8-ae268f60bc1f",
    "data": [
      {
        "text": "alternative to [food_categories]",
        "userDefined": false
      }
    ],
    "isTemplate": false,
    "count": 0,
    "lang": "en",
    "updated": 0
  },
  {
    "id": "70ab7fe2-0b82-42a7-8089-8b22170eb1af",
    "data": [
      {
        "text": "what instead of [food_categories]",
        "userDefined": false
      }
    ],
    "isTemplate": false,
    "count": 0,
    "lang": "en",
    "updated": 0
  },
  {
    "id": "a8cc1521-6210-4ba1-bd1a-e4cb9c71cab8",
    "data": [
      {
        "text": "can i substitute [food_categories]",
        "userDefined": false
      }
    ],
    "isTemplate": false,
    "count": 0,
    "lang": "en",
    "updated": 0
  }
]