[
  {
    "id": "703f7442-394b-44ce-a548-899069f460dd",
    "data": [
      {
        "text": "quick tip",
        "userDefined": false
      }
    ],
    "isTemplate": false,
    "count": 0,
    "lang": "en",
    "updated": 0
  },
  {
    "id": "2b9865f2-9a54-4644-a6d1-ca50566b0397",
    "data": [
      {
        "text": "wellness tip",
        "userDefined": false
      }
    ],
    "isTemplate": false,
    "count": 0,
    "lang": "en",
    "updated": 0
  },
  {
    "id": "d1bf4f55-492d-4fbb-ac50-c9bb0e6f9c3c",
    "data": [
      {
        "text": "nutrition advice",
        "userDefined": false
      }
    ],
    "isTemplate": false,
    "count": 0,
    "lang": "en",
    "updated": 0
  },
  {
    "id": "a994085a-9bcc-40eb-9de1-0d8c8135b88d",
    "data": [
      {
        "text": "health tip please",
        "userDefined": false
      }
    ],
    "isTemplate": false,
    "count": 0,
    "lang": "en",
    "updated": 0
  },
  {
    "id": "b87cca04-e8cb-4d4c-857a-9d8a39e0c7da",
    "data": [
      {
        "text": "give me a tip",
        "userDefined": false
      }
    ],
    "isTemplate": false,
    "count": 0,
    "lang": "en",
    "updated": 0
  }
]