[
  {
    "id": "3ee6a8ce-13ab-45fa-bf64-e75ed1eb83cf",
    "data": [
      {
        "text": "[",
        "userDefined": false
      },
      {
        "text": "meal_type",
        "meta": "@meal_type",
        "alias": "meal_type",
        "userDefined": true
      },
      {
        "text": "] recommendation",
        "userDefined": false
      }
    ],
    "isTemplate": false,
    "count": 0,
    "lang": "en",
    "updated": 0
  },
  {
    "id": "26130f04-bf9f-4e98-813e-b87a55929b81",
    "data": [
      {
        "text": "suggest [",
        "userDefined": false
      },
      {
        "text": "meal_type",
        "meta": "@meal_type",
        "alias": "meal_type",
        "userDefined": true
      },
      {
        "text": "]",
        "userDefined": false
      }
    ],
    "isTemplate": false,
    "count": 0,
    "lang": "en",
    "updated": 0
  },
  {
    "id": "90eb622b-2dc4-4857-8790-2d9a99cbf523",
    "data": [
      {
        "text": "[",
        "userDefined": false
      },
      {
        "text": "meal_type",
        "meta": "@meal_type",
        "alias": "meal_type",
        "userDefined": true
      },
      {
        "text": "] ideas",
        "userDefined": false
      }
    ],
    "isTemplate": false,
    "count": 0,
    "lang": "en",
    "updated": 0
  },
  {
    "id": "a0730b5f-048e-4e8f-9add-2729089b70a3",
    "data": [
      {
        "text": "what should i have for [",
        "userDefined": false
      },
      {
        "text": "meal_type",
        "meta": "@meal_type",
        "alias": "meal_type",
        "userDefined": true
      },
      {
        "text": "]",
        "userDefined": false
      }
    ],
    "isTemplate": false,
    "count": 0,
    "lang": "en",
    "updated": 0
  }
]