[
  {
    "id": "33abe1a1-1056-42e0-a9b4-c055ae9f731b",
    "data": [
      {
        "text": "feeling discouraged",
        "userDefined": false
      }
    ],
    "isTemplate": false,
    "count": 0,
    "lang": "en",
    "updated": 0
  },
  {
    "id": "a0b9bc4d-b515-43dd-86f4-1d07dcb2c0d3",
    "data": [
      {
        "text": "need support",
        "userDefined": false
      }
    ],
    "isTemplate": false,
    "count": 0,
    "lang": "en",
    "updated": 0
  },
  {
    "id": "6ceb216e-5c68-4bce-9b49-e25dbb5736d9",
    "data": [
      {
        "text": "i want to give up",
        "userDefined": false
      }
    ],
    "isTemplate": false,
    "count": 0,
    "lang": "en",
    "updated": 0
  },
  {
    "id": "906be7a4-4e72-4f61-a819-3344977dc96a",
    "data": [
      {
        "text": "encourage me",
        "userDefined": false
      }
    ],
    "isTemplate": false,
    "count": 0,
    "lang": "en",
    "updated": 0
  },
  {
    "id": "990eb589-41b8-4b77-b423-2d410e7cafc5",
    "data": [
      {
        "text": "feeling down",
        "userDefined": false
      }
    ],
    "isTemplate": false,
    "count": 0,
    "lang": "en",
    "updated": 0
  },
  {
    "id": "3663b61f-bcbf-4634-92c5-a4a985dff900",
    "data": [
      {
        "text": "i need motivation",
        "userDefined": false
      }
    ],
    "isTemplate": false,
    "count": 0,
    "lang": "en",
    "updated": 0
  }
]