[
  {
    "id": "84cce50d-5e79-4bba-83b1-26f200ea9c06",
    "data": [
      {
        "text": "sure",
        "meta": "@yes_no",
        "alias": "yes_no",
        "userDefined": true
      }
    ],
    "isTemplate": false,
    "count": 0,
    "lang": "en",
    "updated": 0
  },
  {
    "id": "d5e3d26c-2a17-4dba-9072-223c7efef74d",
    "data": [
      {
        "text": "yes",
        "meta": "@yes_no",
        "alias": "yes_no",
        "userDefined": true
      }
    ],
    "isTemplate": false,
    "count": 0,
    "lang": "en",
    "updated": 0
  },
  {
    "id": "4d9ccb17-e537-49a7-a532-772f67a8de4d",
    "data": [
      {
        "text": "create my plan",
        "userDefined": false
      }
    ],
    "isTemplate": false,
    "count": 0,
    "lang": "en",
    "updated": 0
  },
  {
    "id": "b919963b-4b7f-4350-8a33-8cdfe8ad45bb",
    "data": [
      {
        "text": "i need meals",
        "userDefined": false
      }
    ],
    "isTemplate": false,
    "count": 0,
    "lang": "en",
    "updated": 0
  },
  {
    "id": "8104358f-972f-45d7-b3cf-42b810e0d331",
    "data": [
      {
        "text": "recommend food",
        "userDefined": false
      }
    ],
    "isTemplate": false,
    "count": 0,
    "lang": "en",
    "updated": 0
  },
  {
    "id": "e68a03b6-aa2e-4f94-b6ed-d0199377c7af",
    "data": [
      {
        "text": "meal suggestions please",
        "userDefined": false
      }
    ],
    "isTemplate": false,
    "count": 0,
    "lang": "en",
    "updated": 0
  },
  {
    "id": "21721aee-43fd-4531-9260-e90669a49f98",
    "data": [
      {
        "text": "what should i eat",
        "userDefined": false
      }
    ],
    "isTemplate": false,
    "count": 0,
    "lang": "en",
    "updated": 0
  },
  {
    "id": "79120200-3601-4a1e-b842-422e6f0349bb",
    "data": [
      {
        "text": "show meals,",
        "userDefined": false
      }
    ],
    "isTemplate": false,
    "count": 0,
    "lang": "en",
    "updated": 0
  },
  {
    "id": "f238863f-5901-4318-9d56-4ba72b55523a",
    "data": [
      {
        "text": "give me a meal plan",
        "userDefined": false
      }
    ],
    "isTemplate": false,
    "count": 0,
    "lang": "en",
    "updated": 0
  }
]