[
  {
    "id": "704c6c79-7524-4649-b5d6-7c3a95891fc1",
    "data": [
      {
        "text": "water reminder every hour",
        "userDefined": false
      }
    ],
    "isTemplate": false,
    "count": 0,
    "lang": "en",
    "updated": 0
  },
  {
    "id": "124ce1e5-4522-44ff-99fe-ccbfbd3d78ea",
    "data": [
      {
        "text": "remind me to hydrate",
        "userDefined": false
      }
    ],
    "isTemplate": false,
    "count": 0,
    "lang": "en",
    "updated": 0
  },
  {
    "id": "7b5d0cdc-75a6-4f5a-88aa-4a63efa87cc8",
    "data": [
      {
        "text": "hydration alert please",
        "userDefined": false
      }
    ],
    "isTemplate": false,
    "count": 0,
    "lang": "en",
    "updated": 0
  },
  {
    "id": "a9de5163-b73d-436f-8ce0-f5dc910441e0",
    "data": [
      {
        "text": "set water reminder",
        "userDefined": false
      }
    ],
    "isTemplate": false,
    "count": 0,
    "lang": "en",
    "updated": 0
  },
  {
    "id": "08271348-abf8-45eb-a784-b2a726919a36",
    "data": [
      {
        "text": "remind me to drink water",
        "userDefined": false
      }
    ],
    "isTemplate": false,
    "count": 0,
    "lang": "en",
    "updated": 0
  }
]