[
  {
    "id": "5a997031-9f75-4120-aafb-fba2722f636f",
    "data": [
      {
        "text": "endurance",
        "meta": "@fitness_goals",
        "alias": "fitness_goals",
        "userDefined": false
      }
    ],
    "isTemplate": false,
    "count": 0,
    "lang": "en",
    "updated": 0
  },
  {
    "id": "bb8485c8-6719-48e8-a32c-a888ca542190",
    "data": [
      {
        "text": "maintenance",
        "meta": "@fitness_goals",
        "alias": "fitness_goals",
        "userDefined": false
      }
    ],
    "isTemplate": false,
    "count": 0,
    "lang": "en",
    "updated": 0
  },
  {
    "id": "cbdebb4c-121a-4c96-891f-03db9154c461",
    "data": [
      {
        "text": "muscle gain",
        "meta": "@fitness_goals",
        "alias": "fitness_goals",
        "userDefined": false
      }
    ],
    "isTemplate": false,
    "count": 0,
    "lang": "en",
    "updated": 0
  },
  {
    "id": "88ac26cc-6eeb-4318-9b78-1bb24ecb30c0",
    "data": [
      {
        "text": "weight loss",
        "meta": "@fitness_goals",
        "alias": "fitness_goals",
        "userDefined": false
      }
    ],
    "isTemplate": false,
    "count": 0,
    "lang": "en",
    "updated": 0
  },
  {
    "id": "5ee3c48f-8229-458b-8bb5-873167803ea5",
    "data": [
      {
        "text": "i need ",
        "userDefined": false
      },
      {
        "text": "maintenance",
        "meta": "@fitness_goals",
        "alias": "fitness_goals",
        "userDefined": true
      },
      {
        "text": " plan",
        "userDefined": false
      }
    ],
    "isTemplate": false,
    "count": 0,
    "lang": "en",
    "updated": 0
  },
  {
    "id": "f29dcefd-1101-47b0-8e57-a06deb9ae7bb",
    "data": [
      {
        "text": "help me with ",
        "userDefined": false
      },
      {
        "text": "endurance",
        "meta": "@fitness_goals",
        "alias": "fitness_goals",
        "userDefined": true
      }
    ],
    "isTemplate": false,
    "count": 0,
    "lang": "en",
    "updated": 0
  },
  {
    "id": "dcb44618-01fb-4d36-a243-abdb62375e51",
    "data": [
      {
        "text": "my goal is ",
        "userDefined": false
      },
      {
        "text": "muscle gain",
        "meta": "@fitness_goals",
        "alias": "fitness_goals",
        "userDefined": true
      }
    ],
    "isTemplate": false,
    "count": 0,
    "lang": "en",
    "updated": 0
  },
  {
    "id": "65c79abc-ca60-4f71-ac9f-748254c53420",
    "data": [
      {
        "text": "i want to ",
        "userDefined": false
      },
      {
        "text": "lose weight",
        "meta": "@fitness_goals",
        "alias": "fitness_goals",
        "userDefined": true
      }
    ],
    "isTemplate": false,
    "count": 0,
    "lang": "en",
    "updated": 0
  }
]