[
  {
    "id": "23bf498d-ba1b-4afd-9c6a-7bdd244eb9f1",
    "data": [
      {
        "text": "medium",
        "meta": "@budget_range",
        "alias": "budget_range",
        "userDefined": true
      },
      {
        "text": " priced food",
        "userDefined": false
      }
    ],
    "isTemplate": false,
    "count": 0,
    "lang": "en",
    "updated": 0
  },
  {
    "id": "0bc86c80-da93-4b95-9520-d254c36cc878",
    "data": [
      {
        "text": "high",
        "meta": "@budget_range",
        "alias": "budget_range",
        "userDefined": true
      },
      {
        "text": " budge",
        "userDefined": false
      }
    ],
    "isTemplate": false,
    "count": 0,
    "lang": "en",
    "updated": 0
  },
  {
    "id": "09a87a4d-d247-4b27-aeeb-7db6f16a31ab",
    "data": [
      {
        "text": "i want ",
        "userDefined": false
      },
      {
        "text": "low",
        "meta": "@budget_range",
        "alias": "budget_range",
        "userDefined": false
      },
      {
        "text": " cost meals",
        "userDefined": false
      }
    ],
    "isTemplate": false,
    "count": 0,
    "lang": "en",
    "updated": 0
  },
  {
    "id": "7b8382c3-9131-42b3-84c0-42d6d04b2b93",
    "data": [
      {
        "text": "low",
        "meta": "@budget_range",
        "alias": "budget_range",
        "userDefined": false
      },
      {
        "text": " budget please",
        "userDefined": false
      }
    ],
    "isTemplate": false,
    "count": 0,
    "lang": "en",
    "updated": 0
  },
  {
    "id": "08f42c8b-2665-4389-9dd1-fe5f851dbeca",
    "data": [
      {
        "text": "my budget is ",
        "userDefined": false
      },
      {
        "text": "low",
        "meta": "@budget_range",
        "alias": "budget_range",
        "userDefined": true
      }
    ],
    "isTemplate": false,
    "count": 0,
    "lang": "en",
    "updated": 0
  }
]