[
  {
    "id": "19962316-ca30-466b-9970-237f08caa75d",
    "data": [
      {
        "text": "gym reminder",
        "userDefined": false
      }
    ],
    "isTemplate": false,
    "count": 0,
    "lang": "en",
    "updated": 0
  },
  {
    "id": "798590c7-3c8a-44c0-aef5-86c82fbe5042",
    "data": [
      {
        "text": "exercise notification",
        "userDefined": false
      }
    ],
    "isTemplate": false,
    "count": 0,
    "lang": "en",
    "updated": 0
  },
  {
    "id": "51bec0ee-3df9-460d-b8e7-479cc202b35d",
    "data": [
      {
        "text": "alert me to move",
        "userDefined": false
      }
    ],
    "isTemplate": false,
    "count": 0,
    "lang": "en",
    "updated": 0
  },
  {
    "id": "7eff4270-0c7d-450d-a8f3-eaf1e96b4e5e",
    "data": [
      {
        "text": "workout reminder please",
        "userDefined": false
      }
    ],
    "isTemplate": false,
    "count": 0,
    "lang": "en",
    "updated": 0
  },
  {
    "id": "e98b9528-a4c6-4abf-b77d-aac9a2bbe8cd",
    "data": [
      {
        "text": "remind me to exercise",
        "userDefined": false
      }
    ],
    "isTemplate": false,
    "count": 0,
    "lang": "en",
    "updated": 0
  }
]