[
  {
    "id": "3c3d5bfb-0544-45d9-bcc8-330b09360ebb",
    "data": [
      {
        "text": "gluten-free",
        "meta": "@dietary_restrictions",
        "alias": "dietary_restrictions",
        "userDefined": true
      }
    ],
    "isTemplate": false,
    "count": 0,
    "lang": "en",
    "updated": 0
  },
  {
    "id": "7f7bdc30-78cb-4539-a33f-14fd941e8213",
    "data": [
      {
        "text": "vegan",
        "meta": "@dietary_restrictions",
        "alias": "dietary_restrictions",
        "userDefined": false
      }
    ],
    "isTemplate": false,
    "count": 0,
    "lang": "en",
    "updated": 0
  },
  {
    "id": "90a16652-78ef-446e-94f7-87142c0bedf2",
    "data": [
      {
        "text": "keto",
        "meta": "@dietary_restrictions",
        "alias": "dietary_restrictions",
        "userDefined": true
      }
    ],
    "isTemplate": false,
    "count": 0,
    "lang": "en",
    "updated": 0
  }
]