[
  {
    "id": "6edc3869-f762-43be-bdb4-ac7702be7000",
    "data": [
      {
        "text": "long",
        "meta": "@time_availability",
        "alias": "time_availability",
        "userDefined": false
      }
    ],
    "isTemplate": false,
    "count": 0,
    "lang": "en",
    "updated": 0
  },
  {
    "id": "1d5b5bf3-9855-4e9a-8482-0b63cce0a021",
    "data": [
      {
        "text": "moderate",
        "meta": "@time_availability",
        "alias": "time_availability",
        "userDefined": false
      }
    ],
    "isTemplate": false,
    "count": 0,
    "lang": "en",
    "updated": 0
  },
  {
    "id": "6c632c33-8178-42c4-b140-a4fa993dcbca",
    "data": [
      {
        "text": "quick",
        "meta": "@time_availability",
        "alias": "time_availability",
        "userDefined": false
      }
    ],
    "isTemplate": false,
    "count": 0,
    "lang": "en",
    "updated": 0
  },
  {
    "id": "577c513a-bdc4-4d0b-9122-f6a6d67715f8",
    "data": [
      {
        "text": "very quick",
        "meta": "@time_availability",
        "alias": "time_availability",
        "userDefined": false
      }
    ],
    "isTemplate": false,
    "count": 0,
    "lang": "en",
    "updated": 0
  }
]