[
  {
    "id": "cac9288f-a74a-440b-92c5-dc64343cde98",
    "data": [
      {
        "text": "i can only spend [time_availability]",
        "userDefined": false
      }
    ],
    "isTemplate": false,
    "count": 0,
    "lang": "en",
    "updated": 0
  },
  {
    "id": "029c94e2-af5c-4565-8297-0a0b1275bbe5",
    "data": [
      {
        "text": "my schedule changed to [time_availability]",
        "userDefined": false
      }
    ],
    "isTemplate": false,
    "count": 0,
    "lang": "en",
    "updated": 0
  },
  {
    "id": "505842d4-7ce8-46da-ba96-a1eea93e42e6",
    "data": [
      {
        "text": "now i have [time_availability]",
        "userDefined": false
      }
    ],
    "isTemplate": false,
    "count": 0,
    "lang": "en",
    "updated": 0
  }
]