[
  {
    "id": "bb0b934b-cdc5-432e-bd8c-5e5fe9ccf346",
    "data": [
      {
        "text": "track [",
        "userDefined": false
      },
      {
        "text": "progress_tracking",
        "meta": "@progress_tracking",
        "alias": "progress_tracking",
        "userDefined": true
      },
      {
        "text": "]",
        "userDefined": false
      }
    ],
    "isTemplate": false,
    "count": 0,
    "lang": "en",
    "updated": 0
  },
  {
    "id": "b9049586-6cff-4c5d-b0a8-b328d52898f4",
    "data": [
      {
        "text": "record [",
        "userDefined": false
      },
      {
        "text": "progress_tracking",
        "meta": "@progress_tracking",
        "alias": "progress_tracking",
        "userDefined": true
      },
      {
        "text": "]",
        "userDefined": false
      }
    ],
    "isTemplate": false,
    "count": 0,
    "lang": "en",
    "updated": 0
  },
  {
    "id": "0f4a649b-e13f-477b-a494-158a0e7c188f",
    "data": [
      {
        "text": "log my [",
        "userDefined": false
      },
      {
        "text": "progress_tracking",
        "meta": "@progress_tracking",
        "alias": "progress_tracking",
        "userDefined": true
      },
      {
        "text": "]",
        "userDefined": false
      }
    ],
    "isTemplate": false,
    "count": 0,
    "lang": "en",
    "updated": 0
  },
  {
    "id": "b8d32ac3-1a2c-4e71-a6bd-4255eaa81a2c",
    "data": [
      {
        "text": "i want to track my [",
        "userDefined": false
      },
      {
        "text": "progress_tracking",
        "meta": "@progress_tracking",
        "alias": "progress_tracking",
        "userDefined": true
      },
      {
        "text": "]",
        "userDefined": false
      }
    ],
    "isTemplate": false,
    "count": 0,
    "lang": "en",
    "updated": 0
  }
]