[
  {
    "id": "1ec8dd0d-3ced-49d7-91ce-ff2b1e8bc5c7",
    "data": [
      {
        "text": "now i\u0027m [",
        "userDefined": false
      },
      {
        "text": "dietary_restrictions",
        "meta": "@dietary_restrictions",
        "alias": "dietary_restrictions",
        "userDefined": true
      },
      {
        "text": "]",
        "userDefined": false
      }
    ],
    "isTemplate": false,
    "count": 0,
    "lang": "en",
    "updated": 0
  },
  {
    "id": "f45b5925-fe46-4c69-b2db-74381c3d58da",
    "data": [
      {
        "text": "update diet [",
        "userDefined": false
      },
      {
        "text": "dietary_restrictions",
        "meta": "@dietary_restrictions",
        "alias": "dietary_restrictions",
        "userDefined": true
      },
      {
        "text": "]",
        "userDefined": false
      }
    ],
    "isTemplate": false,
    "count": 0,
    "lang": "en",
    "updated": 0
  },
  {
    "id": "3abf31b4-ddce-41a0-86f4-18b38644262c",
    "data": [
      {
        "text": "new restriction [",
        "userDefined": false
      },
      {
        "text": "dietary_restrictions",
        "meta": "@dietary_restrictions",
        "alias": "dietary_restrictions",
        "userDefined": true
      },
      {
        "text": "]",
        "userDefined": false
      }
    ],
    "isTemplate": false,
    "count": 0,
    "lang": "en",
    "updated": 0
  },
  {
    "id": "9a5be809-b6e3-403c-9ff2-922b3e423a58",
    "data": [
      {
        "text": "i want to change my diet to [",
        "userDefined": false
      },
      {
        "text": "dietary_restrictions",
        "meta": "@dietary_restrictions",
        "alias": "dietary_restrictions",
        "userDefined": true
      },
      {
        "text": "]",
        "userDefined": false
      }
    ],
    "isTemplate": false,
    "count": 0,
    "lang": "en",
    "updated": 0
  }
]