[
  {
    "id": "3cbe141a-a014-44a0-9a07-022cbc284f6a",
    "data": [
      {
        "text": "Every 3 Hour",
        "userDefined": false
      }
    ],
    "isTemplate": false,
    "count": 0,
    "lang": "en",
    "updated": 0
  },
  {
    "id": "3070e974-eaef-45db-84bb-1e4a5af6be79",
    "data": [
      {
        "text": "Every 2 Hour",
        "userDefined": false
      }
    ],
    "isTemplate": false,
    "count": 0,
    "lang": "en",
    "updated": 0
  },
  {
    "id": "be791f35-cd81-4a2a-8f01-4079476ef957",
    "data": [
      {
        "text": "Every 1 Hour",
        "userDefined": false
      }
    ],
    "isTemplate": false,
    "count": 0,
    "lang": "en",
    "updated": 0
  }
]